<?xml version="1.0" encoding="utf-8"?>
<!DOCTYPE dotfuscatorMap SYSTEM "http://www.preemptive.com/dotfuscator/dtd/dotfuscatorMap_v1.1.dtd">
<dotfuscatorMap version="1.1">
    <header>
        <timestamp>2006-10-26T21:14:02</timestamp>
        <product version="3.0.2369.30094" user="Mark S Rasmussen" serial="37837-EVA-96FA8C88-18916E89-96C2B59D-9A81665B">Dotfuscator(tm) Professional Edition EVALUATION (13 days left)</product>
    </header>
    <mapping>
        <module>
            <name>SecureApplication.exe</name>
            <type>
                <name>SecureApplication.Form1</name>
                <newname>eval_a</newname>
                <methodlist>
                    <method>
                        <signature>void()</signature>
                        <name>.ctor</name>
                    </method>
                    <method>
                        <signature>string()</signature>
                        <name>AnswerToAllLife</name>
                    </method>
                    <method>
                        <signature>void(object, System.EventArgs)</signature>
                        <name>button1_Click</name>
                        <newname>eval_ᜀ</newname>
                    </method>
                    <method>
                        <signature>void(bool)</signature>
                        <name>Dispose</name>
                        <newname>eval_ᜀ</newname>
                    </method>
                    <method>
                        <signature>void()</signature>
                        <name>InitializeComponent</name>
                        <newname>eval_ᜀ</newname>
                    </method>
                </methodlist>
                <fieldlist>
                    <field>
                        <signature>System.Windows.Forms.Button</signature>
                        <name>button1</name>
                        <newname>eval_ᜀ</newname>
                    </field>
                    <field>
                        <signature>System.ComponentModel.IContainer</signature>
                        <name>components</name>
                        <newname>eval_ᜀ</newname>
                    </field>
                    <field>
                        <signature>System.Windows.Forms.TextBox</signature>
                        <name>textBox1</name>
                        <newname>eval_ᜀ</newname>
                    </field>
                </fieldlist>
            </type>
            <type>
                <name>SecureApplication.Program</name>
                <newname>eval_ᜀ</newname>
                <methodlist>
                    <method>
                        <signature>void()</signature>
                        <name>Main</name>
                        <newname>ᜀ</newname>
                    </method>
                </methodlist>
                <fieldlist />
            </type>
        </module>
    </mapping>
    <statistics>
        <statisticline>
            <description>Total Classes</description>
            <statistic>2</statistic>
        </statisticline>
        <statisticline>
            <description>Total Methods</description>
            <statistic>6</statistic>
        </statisticline>
        <statisticline>
            <description>Total Fields</description>
            <statistic>3</statistic>
        </statisticline>
        <statisticline>
            <description>Total Classes Renamed</description>
            <statistic>2</statistic>
            <statistic>100,00 %</statistic>
        </statisticline>
        <statisticline>
            <description>Total Methods Renamed</description>
            <statistic>4</statistic>
            <statistic>66,67 %</statistic>
        </statisticline>
        <statisticline>
            <description>Total Fields Renamed</description>
            <statistic>3</statistic>
            <statistic>100,00 %</statistic>
        </statisticline>
        <statisticline>
            <description>Methods Renamed to 'eval_ᜀ'</description>
            <statistic>3</statistic>
            <statistic>50,00 %</statistic>
        </statisticline>
        <statisticline>
            <description>Methods Renamed to 'ᜀ'</description>
            <statistic>1</statistic>
            <statistic>16,67 %</statistic>
        </statisticline>
    </statistics>
</dotfuscatorMap>