<?xml version="1.0" encoding="utf-8"?>
<!DOCTYPE dotfuscatorMap SYSTEM "http://www.preemptive.com/dotfuscator/dtd/dotfuscatorMap_v1.1.dtd">
<dotfuscatorMap version="1.1">
    <header>
        <timestamp>2006-10-26T23:48:49</timestamp>
        <product version="3.0.2369.30094" user="Mark S Rasmussen" serial="37837-EVA-96FA8C88-18916E89-96C2B59D-9A81665B">Dotfuscator(tm) Professional Edition EVALUATION (13 days left)</product>
    </header>
    <mapping>
        <module>
            <name>SecureApplication.exe</name>
            <type>
                <name>SecureApplication.AlgorithmService.AnswerToAllLifeCompletedEventArgs</name>
                <newname>eval_ᜂ</newname>
                <methodlist />
                <fieldlist />
            </type>
            <type>
                <name>SecureApplication.AlgorithmService.AnswerToAllLifeCompletedEventHandler</name>
                <newname>eval_ᜁ</newname>
                <methodlist>
                    <method>
                        <signature>void(object, native int)</signature>
                        <name>.ctor</name>
                    </method>
                    <method>
                        <signature>System.IAsyncResult(object, SecureApplication.AlgorithmService.AnswerToAllLifeCompletedEventArgs, System.AsyncCallback, object)</signature>
                        <name>BeginInvoke</name>
                    </method>
                    <method>
                        <signature>void(System.IAsyncResult)</signature>
                        <name>EndInvoke</name>
                    </method>
                    <method>
                        <signature>void(object, SecureApplication.AlgorithmService.AnswerToAllLifeCompletedEventArgs)</signature>
                        <name>Invoke</name>
                    </method>
                </methodlist>
                <fieldlist />
            </type>
            <type>
                <name>SecureApplication.AlgorithmService.Service</name>
                <newname>eval_ᜃ</newname>
                <methodlist>
                    <method>
                        <signature>void()</signature>
                        <name>.ctor</name>
                    </method>
                    <method>
                        <signature>void(SecureApplication.AlgorithmService.AnswerToAllLifeCompletedEventHandler)</signature>
                        <name>add_AnswerToAllLifeCompleted</name>
                        <newname>eval_ᜁ</newname>
                    </method>
                    <method>
                        <signature>string()</signature>
                        <name>AnswerToAllLife</name>
                        <newname>eval_ᜀ</newname>
                    </method>
                    <method>
                        <signature>string()</signature>
                        <name>get_Url</name>
                        <newname>eval_ᜁ</newname>
                    </method>
                    <method>
                        <signature>bool(string)</signature>
                        <name>IsLocalFileSystemWebService</name>
                        <newname>eval_ᜀ</newname>
                    </method>
                    <method>
                        <signature>void(SecureApplication.AlgorithmService.AnswerToAllLifeCompletedEventHandler)</signature>
                        <name>remove_AnswerToAllLifeCompleted</name>
                        <newname>eval_ᜀ</newname>
                    </method>
                    <method>
                        <signature>void(string)</signature>
                        <name>set_Url</name>
                        <newname>eval_ᜀ</newname>
                    </method>
                    <method>
                        <signature>void(bool)</signature>
                        <name>set_UseDefaultCredentials</name>
                        <newname>eval_ᜀ</newname>
                    </method>
                </methodlist>
                <fieldlist>
                    <field>
                        <signature>SecureApplication.AlgorithmService.AnswerToAllLifeCompletedEventHandler</signature>
                        <name>AnswerToAllLifeCompleted</name>
                        <newname>eval_ᜀ</newname>
                    </field>
                    <field>
                        <signature>bool</signature>
                        <name>useDefaultCredentialsSetExplicitly</name>
                        <newname>eval_ᜀ</newname>
                    </field>
                </fieldlist>
            </type>
            <type>
                <name>SecureApplication.Form1</name>
                <newname>eval_a</newname>
                <methodlist>
                    <method>
                        <signature>void()</signature>
                        <name>.ctor</name>
                    </method>
                    <method>
                        <signature>void(object, System.EventArgs)</signature>
                        <name>button1_Click</name>
                        <newname>eval_ᜀ</newname>
                    </method>
                    <method>
                        <signature>void(bool)</signature>
                        <name>Dispose</name>
                        <newname>eval_ᜀ</newname>
                    </method>
                    <method>
                        <signature>void()</signature>
                        <name>InitializeComponent</name>
                        <newname>eval_ᜀ</newname>
                    </method>
                </methodlist>
                <fieldlist>
                    <field>
                        <signature>System.Windows.Forms.Button</signature>
                        <name>button1</name>
                        <newname>eval_ᜀ</newname>
                    </field>
                    <field>
                        <signature>System.ComponentModel.IContainer</signature>
                        <name>components</name>
                        <newname>eval_ᜀ</newname>
                    </field>
                    <field>
                        <signature>System.Windows.Forms.TextBox</signature>
                        <name>textBox1</name>
                        <newname>eval_ᜀ</newname>
                    </field>
                </fieldlist>
            </type>
            <type>
                <name>SecureApplication.Program</name>
                <newname>eval_ᜄ</newname>
                <methodlist>
                    <method>
                        <signature>void()</signature>
                        <name>Main</name>
                        <newname>ᜀ</newname>
                    </method>
                </methodlist>
                <fieldlist />
            </type>
            <type>
                <name>SecureApplication.Properties.Settings</name>
                <newname>eval_ᜀ</newname>
                <methodlist>
                    <method>
                        <signature>void()</signature>
                        <name>.cctor</name>
                    </method>
                    <method>
                        <signature>void()</signature>
                        <name>.ctor</name>
                    </method>
                    <method>
                        <signature>SecureApplication.Properties.Settings()</signature>
                        <name>get_Default</name>
                        <newname>eval_ᜀ</newname>
                    </method>
                    <method>
                        <signature>string()</signature>
                        <name>get_SecureApplication_AlgorithmService_Service</name>
                        <newname>eval_ᜀ</newname>
                    </method>
                </methodlist>
                <fieldlist>
                    <field>
                        <signature>SecureApplication.Properties.Settings</signature>
                        <name>defaultInstance</name>
                        <newname>eval_ᜀ</newname>
                    </field>
                </fieldlist>
            </type>
        </module>
    </mapping>
    <statistics>
        <statisticline>
            <description>Total Classes</description>
            <statistic>6</statistic>
        </statisticline>
        <statisticline>
            <description>Total Methods</description>
            <statistic>21</statistic>
        </statisticline>
        <statisticline>
            <description>Total Fields</description>
            <statistic>6</statistic>
        </statisticline>
        <statisticline>
            <description>Total Classes Renamed</description>
            <statistic>6</statistic>
            <statistic>100,00 %</statistic>
        </statisticline>
        <statisticline>
            <description>Total Methods Renamed</description>
            <statistic>13</statistic>
            <statistic>61,90 %</statistic>
        </statisticline>
        <statisticline>
            <description>Total Fields Renamed</description>
            <statistic>6</statistic>
            <statistic>100,00 %</statistic>
        </statisticline>
        <statisticline>
            <description>Methods Renamed to 'eval_ᜀ'</description>
            <statistic>10</statistic>
            <statistic>47,62 %</statistic>
        </statisticline>
        <statisticline>
            <description>Methods Renamed to 'eval_ᜁ'</description>
            <statistic>2</statistic>
            <statistic>9,52 %</statistic>
        </statisticline>
        <statisticline>
            <description>Methods Renamed to 'ᜀ'</description>
            <statistic>1</statistic>
            <statistic>4,76 %</statistic>
        </statisticline>
    </statistics>
</dotfuscatorMap>