<?xml version="1.0" encoding="utf-8" standalone="no"?>
<!DOCTYPE dotfuscator SYSTEM "http://www.preemptive.com/dotfuscator/dtd/dotfuscator_v2.1.dtd">
<dotfuscator version="2.1">
  <!--This is application generated code. Do not edit manually.-->
  <input>
    <asmlist>
      <inputassembly>
        <option>stripoa</option>
        <file dir="${active0c9b510793ad468381f271aed23ac9d0}" name="SecureApplication.exe" />
        <loadpaths>
          <file dir="${configdir}\..\..\SecureApplication\bin\Release\" />
        </loadpaths>
      </inputassembly>
    </asmlist>
  </input>
  <output>
    <file dir="${configdir}\Dotfuscated" />
  </output>
  <renaming>
    <mapping>
      <mapoutput overwrite="false">
        <file dir="${configdir}\Dotfuscated" name="map.xml" />
      </mapoutput>
    </mapping>
  </renaming>
  <controlflow level="high" />
  <stringencrypt />
  <removal />
</dotfuscator>